#{"t_start": 1771773700.512724, "env_id": "None"}
r,l,t
-90.954828,123,21.548665
169.659895,63,34.30887
-134.072084,51,43.545777
132.490563,32,49.560194
-142.473475,24,54.112657
135.13804,43,62.72553
-132.571205,197,98.817311
143.718264,50,108.462979
-138.253552,88,124.3435
156.225533,53,135.178232
137.551034,46,142.711107
135.353756,32,148.408315
147.463267,52,158.32095
-172.399425,16,160.388961
-134.550173,53,179.391679
137.491355,48,188.304688
133.837282,37,195.115841
161.898879,59,207.080499
153.191349,55,217.278015
167.250597,118,241.029874
141.052526,91,256.703657
145.038328,39,264.239501
-149.067074,40,272.922855
-130.849939,94,288.006379
-132.979158,34,296.71263
-140.195971,123,317.923462
-171.042019,33,324.639478
-163.719955,17,327.099607
136.179081,34,334.413075
-140.626052,66,345.550127
-136.663448,80,358.647282
138.841047,50,368.129804
146.693313,41,376.361333
139.560856,43,384.331619
132.81674,67,396.875137
-148.245048,47,416.405832
158.129416,58,428.562585
158.575478,53,437.556187
-130.36643,41,446.430393
-118.540829,117,465.059994
-99.856309,125,493.155057
150.558985,105,516.152916
-121.605398,38,526.43961
171.685355,68,540.688934
-100.717716,119,560.454856
-133.289992,32,566.653558
-130.882007,41,577.717545
141.037925,66,590.021737
-149.672268,34,599.060908
-139.964686,103,615.112309
-138.90308,21,619.177997
162.053106,78,642.167231
149.059685,43,649.484372
139.993777,73,663.731535
138.836238,37,671.162503
137.396814,45,679.943287
125.962198,47,688.781664
-145.523097,25,694.666573
-127.934229,58,709.473709
-142.355801,24,713.654635
157.173747,63,730.478048
181.767193,229,772.75733
-136.604857,43,779.96474
140.368938,36,786.966174
137.098752,49,795.921893
-136.457961,117,813.717747
-149.523838,41,821.190495
-133.275782,44,835.345537
138.797074,37,843.122004
-106.899305,86,857.508691
133.536341,33,863.351274
133.544482,53,873.14489
149.47546,51,883.041894
-169.48266,19,888.487349
134.675085,34,894.652185
-94.538742,52,904.721729
134.886764,38,911.896628
-123.899174,135,936.248104
-139.653286,65,951.135746
153.016857,46,960.609485
139.808041,46,969.140857
-121.412391,64,980.680601
-122.132563,52,993.390055
-138.773806,52,1004.547757
-123.442099,59,1023.108204
-146.662289,87,1038.148879
146.554747,45,1046.256222
153.382552,47,1055.95698
-139.049673,35,1062.06841
140.106325,40,1070.022597
-159.436083,47,1079.582909
-132.589827,43,1090.013195
-119.783744,52,1099.060437
-123.073202,31,1105.422151
-163.572532,83,1128.162516
-155.132171,87,1140.372413
-135.834649,68,1158.514053
-153.435795,60,1190.050532
-130.405637,52,1199.046534
-139.792975,21,1202.851188
135.14936,33,1209.761723
-165.859582,15,1212.096751
136.632686,42,1222.36514
167.804107,73,1237.676783
161.052515,108,1258.865209
149.129904,62,1270.511132
-134.420287,31,1278.273211
184.734609,99,1300.436071
176.237998,66,1311.001847
-145.835028,24,1319.431683
137.193484,40,1327.278594
-123.266224,54,1347.352798
-142.642911,19,1350.805604
133.326426,31,1356.622253
-157.706303,29,1361.676474
137.261032,40,1369.407502
130.094829,33,1375.436574
139.649584,57,1387.372372
141.604811,42,1396.086992
-107.800209,103,1413.542183
-143.661996,68,1430.7196
156.740837,85,1449.538796
157.088232,50,1456.386287
-124.492479,134,1469.616314
130.292855,59,1475.481614
140.306446,36,1479.744559
148.869532,54,1486.003138
-146.059209,149,1499.290342
-169.777086,16,1500.531605
-116.894138,62,1507.518942
-144.238215,26,1510.057307
147.397836,44,1515.671128
-120.790513,76,1525.022777
168.957053,75,1534.030614
179.2576,66,1542.011927
141.598511,38,1546.996579
-142.878586,69,1555.887327
-117.032263,59,1564.680462
-144.705825,35,1568.551504
132.844783,40,1573.897972
141.797785,61,1583.097583
163.386873,53,1590.321692
170.209334,77,1599.964665
143.707349,40,1607.502049
137.976531,69,1622.704
-144.210643,46,1630.324319
141.553689,39,1637.833155
132.502855,33,1644.391825
137.89395,49,1652.121854
-127.854942,32,1660.535726
-159.08437,56,1670.385128
145.183229,66,1684.117642
167.367376,57,1695.380095
-124.359272,35,1702.041762
-127.73836,63,1714.24198
138.469957,49,1722.808918
168.755738,59,1735.51953
-135.825278,36,1743.647318
167.333105,130,1769.34304
-131.386362,40,1782.12518
136.565322,33,1788.367187
-125.781665,72,1799.720162
154.428058,93,1817.248947
132.364873,31,1823.344913
-162.302067,51,1834.228365
142.532746,40,1842.063182
-136.097203,35,1848.509195
146.288139,52,1858.356325
-118.783208,90,1877.98083
-127.324104,31,1883.22812
-171.365054,35,1889.652884
-147.359037,78,1903.221196
-113.027654,233,1947.535
-139.976255,22,1960.686842
-145.930014,60,1975.542013
140.387844,38,1982.477819
-136.886493,51,1995.60982
132.300827,31,2001.342652
154.234729,109,2021.65037
-132.335892,32,2027.928869
-130.323708,29,2039.146919
-123.862375,42,2059.193413
137.638794,48,2069.647476
171.452275,62,2082.848848
-115.254021,88,2102.161211
-141.562889,43,2114.996591
-120.496571,34,2121.676395
-143.41707,27,2126.665567
-150.829603,49,2135.673809
135.761481,35,2142.827128
-124.2187,70,2158.15272
135.894705,35,2164.106729
-153.542103,29,2169.564069
-148.015733,26,2174.548431
132.045255,32,2180.629233
168.515626,66,2199.366962
158.182852,135,2221.975332
164.626116,86,2244.967314
138.172952,35,2251.105454
150.789435,134,2275.043083
135.245162,32,2281.684937
-126.218174,94,2305.523226
136.494897,50,2314.442647
137.650362,51,2324.017311
-139.132084,29,2338.453889
-80.43167,146,2369.615978
-104.700125,72,2387.589865
147.897682,42,2397.27097
-145.560851,50,2406.61091
138.880981,47,2414.911085
142.062205,41,2422.77938
-130.423194,58,2435.319688
141.426199,48,2446.710295
-142.037297,32,2451.524254
-118.158398,97,2471.809003
160.571778,54,2481.691093
146.844108,58,2493.430499
155.219948,94,2513.647621
-135.95998,22,2517.719994
150.497854,47,2525.652745
131.466357,39,2533.45929
-135.968203,33,2555.24053
-133.391607,37,2562.645029
141.575963,63,2573.934066
163.900385,62,2587.215869
160.169445,61,2601.561727
-126.710985,59,2612.4564
131.239038,43,2621.799875
-124.713289,31,2630.018619
144.744617,39,2637.40623
-149.918057,19,2640.938895
142.542516,48,2649.902383
162.660385,53,2660.19275
139.706699,40,2668.479248
-115.040608,58,2684.843752
167.945586,64,2702.187573
138.446935,35,2708.909298
-155.294292,68,2732.816838
-127.735763,40,2745.71082
136.273901,46,2754.656534
-113.441718,95,2771.534976
-163.71883,34,2776.984075
155.752652,64,2792.335741
132.535618,42,2800.909004
150.247561,74,2815.806452
140.317887,38,2823.837342
143.689825,38,2830.85187
-138.599921,34,2839.540933
-126.865973,168,2874.429863
-164.351406,32,2891.882644
133.550709,41,2899.738767
129.107097,33,2906.42187
134.221083,37,2912.433
-158.400252,28,2917.567001
148.940075,44,2926.881577
-161.285683,44,2933.655844
138.856612,48,2941.5062
132.066435,55,2950.172897
-135.466368,37,2956.965672
-132.610183,23,2961.514774
-141.54695,40,2969.156868
-134.269866,23,2973.651136
-127.310336,32,2981.044606
135.844968,53,2991.473551
-126.591046,57,3001.07386
172.781125,72,3015.103265
-150.573388,71,3027.416718
159.033398,53,3035.007519
136.065234,40,3042.636533
-144.068678,48,3052.397001
-102.336821,138,3076.549055
-132.511757,73,3096.349898
-127.785066,129,3118.279247
149.120284,49,3126.446273
-85.094447,148,3154.547548
-149.235975,56,3165.677308
146.487348,45,3173.846557
149.441227,43,3182.326387
145.313285,55,3193.132417
-123.397794,115,3215.043722
-151.845503,29,3221.051795
157.882268,65,3244.193042
146.468776,41,3251.418083
132.651818,33,3257.175861
-153.764752,38,3270.444902
155.701568,49,3279.043079
-145.826519,51,3290.2497
-154.254298,50,3299.242869
-124.945472,185,3331.934481
-139.676812,31,3336.707233
-122.573364,43,3348.46909
158.261701,74,3359.699424
138.408638,34,3365.561894
-134.581742,41,3374.853264
-132.172972,78,3388.944216
-130.905878,111,3408.689358
141.268411,38,3416.655214
132.96602,31,3423.131883
-126.016653,37,3430.836476
164.570073,56,3441.219918
-151.385797,22,3444.839815
163.224052,145,3478.497813
171.109923,69,3492.793099
-113.459605,40,3500.576035
-137.762219,50,3509.010169
142.887942,44,3516.236898
-164.728751,65,3533.885375
132.62648,44,3541.561498
153.033403,84,3558.59249
163.54926,85,3574.486874
161.047894,57,3584.492179
-131.094715,191,3621.900902
154.857251,55,3631.478879
-105.203639,131,3654.853795
141.631742,67,3666.068471
-142.423093,79,3680.259461
-145.045173,26,3686.266457
154.531733,47,3695.14891
164.572426,57,3706.708569
-145.588636,81,3730.313752
-141.562783,26,3739.15464
135.86815,34,3745.084517
-149.257412,41,3755.3053
135.429006,42,3764.650011
-126.914969,69,3778.601176
131.056844,34,3784.922514
-143.767232,18,3787.728252
-141.662056,21,3791.486099
150.020545,81,3807.840764
-146.15774,48,3816.384355
-152.101227,32,3822.283922
139.152984,41,3829.34111
-149.295231,30,3834.361856
133.411309,32,3840.563885
-130.288619,142,3864.869988
134.395682,44,3873.324332
149.426757,43,3881.48017
-122.622344,72,3905.030426
-94.227021,221,3956.645551
-128.193999,59,3978.487047
-148.689849,30,3988.475879
142.998287,38,3995.543318
164.367833,78,4014.46213
152.442288,100,4034.992691
-134.674724,58,4048.084126
-125.374682,260,4095.954164
159.642963,65,4108.143646
-123.275342,39,4115.255771
-142.671584,68,4129.766507
161.412346,129,4152.748515
157.084109,50,4161.803282
136.097968,53,4171.20337
-144.038546,44,4184.681015
-155.657115,37,4195.211544
151.100512,59,4207.470214
141.733054,43,4215.349466
146.17954,49,4224.852014
-134.877157,97,4243.004285
-118.262449,35,4249.824636
145.704918,42,4257.729512
135.629485,41,4264.816679
-150.78214,40,4275.005159
167.46818,91,4290.747384
-134.597298,83,4307.713852
-145.833322,41,4319.101484
-122.271521,35,4325.911012
-95.889196,88,4342.684518
-93.978669,97,4360.121453
-94.320589,116,4383.889095
-142.98011,120,4404.908364
146.614161,48,4414.192737
-141.901899,30,4419.199883
153.43374,46,4427.717763
-133.110162,30,4434.403271
164.458069,80,4455.170398
136.253194,35,4462.024784
-150.03143,40,4471.490083
-105.017034,64,4482.014968
-131.614377,80,4496.383641
132.769738,33,4502.69061
-103.769143,92,4524.435398
134.437467,46,4532.64285
152.753022,61,4543.813162
133.976656,33,4549.713067
161.187129,82,4564.828292
-118.138636,71,4588.850481
-174.27735,17,4591.494992
-126.676126,94,4615.185303
164.661487,65,4626.485491
-146.965742,118,4648.307458
-134.431182,33,4654.847504
-122.005186,61,4665.399817
142.713349,48,4674.506528
147.427363,44,4682.976007
-119.069278,122,4715.038482
153.057104,49,4724.065478
-160.675295,102,4739.819222
136.054246,90,4754.175082
-137.185564,20,4759.982989
-168.311748,55,4770.668761
142.450636,49,4781.939173
-170.146541,49,4792.44443
-96.356277,91,4809.347402
-132.612365,44,4819.272671
-153.270991,110,4845.587534
-137.417745,43,4854.112294
137.371903,43,4862.644471
-156.201014,25,4872.686209
-135.998357,51,4882.626133
-172.986511,43,4890.862854
-133.514403,42,4902.548275
-83.010044,184,4934.14156
-149.567696,29,4938.801673
-134.169837,32,4944.756243
152.724114,53,4954.958142
-155.606872,56,4964.872801
-128.05147,69,4977.976302
-134.43657,123,5002.449284
135.21489,33,5009.423671
125.518915,36,5015.398768
-110.123277,204,5057.610419
153.293395,46,5068.553259
168.29223,68,5081.182546
-115.026471,46,5094.971024
150.69044,75,5110.512978
-168.025458,23,5114.588542
-162.99559,51,5123.990107
-134.395867,117,5144.105047
-145.928303,33,5148.978935
-164.846685,63,5162.226852
-147.468584,49,5171.261019
135.522646,49,5183.659751
-137.237682,48,5196.193489
-131.262324,42,5203.039951
-111.161222,135,5227.550823
134.270692,44,5236.793977
168.359568,59,5248.119849
146.500828,124,5276.582917
-126.594019,57,5287.502638
146.788346,42,5295.898585
145.564832,59,5307.815797
-127.247746,60,5319.452814
-118.664959,42,5327.062432
-144.713045,46,5343.111658
159.102264,52,5352.463059
-124.08512,52,5361.50255
-96.809081,140,5389.147058
-139.721062,47,5398.956414
165.638827,116,5421.280023
141.691895,44,5429.508538
158.485379,98,5453.249861
156.015131,47,5461.727327
137.467965,37,5469.035891
-167.100007,42,5482.763784
140.248139,128,5508.452172
132.561676,33,5514.62008
-155.624825,24,5518.962727
161.157355,111,5541.787339
135.093297,34,5548.395815
-157.137194,40,5556.001168
131.941508,39,5562.58916
138.560466,39,5569.255504
153.468646,51,5578.734423
-146.327167,56,5587.867131
148.975958,43,5595.78351
148.34867,58,5607.080483
-140.652522,32,5615.535169
-149.140613,87,5628.633802
143.073601,51,5637.673835
136.754874,40,5645.446532
140.889285,41,5653.190176
-137.678513,81,5667.31414
-136.199213,72,5686.989582
-125.777581,123,5707.321722
-133.392579,85,5720.697594
170.8379,162,5751.323175
-113.189879,56,5774.461229
-135.389531,75,5802.688715
-99.542134,122,5824.362264
-145.962797,46,5836.014114
-146.869726,19,5839.847351
-109.424341,47,5849.643363
-147.115717,18,5852.833815
147.02951,46,5861.182791
-127.44526,47,5875.968008
-119.145614,38,5886.453061
145.942116,43,5894.515345
-140.156643,48,5903.594187
136.597355,43,5911.475933
135.785841,49,5922.058306
146.739157,49,5931.399702
-149.285339,56,5940.942779
137.87837,42,5947.849945
-153.09829,23,5951.169133
142.732257,61,5963.858917
-149.87339,30,5973.346928
131.831838,39,5979.908669
-139.393191,22,5983.855749
137.425819,35,5990.243628
-135.686928,57,6003.180405
145.906123,51,6013.572287
135.160718,42,6022.495933
153.867971,47,6031.957846
-142.722402,56,6040.640262
-125.562725,46,6051.708555
166.730794,62,6062.500905
135.070914,66,6074.321929
-142.691208,38,6086.782756
155.831531,49,6096.07039
-135.683851,75,6107.928739
147.054102,48,6117.947506
-148.785287,78,6132.253199
-136.628549,31,6138.427153
136.365227,46,6147.685867
128.864584,44,6156.914123
-108.549063,63,6169.06688
150.438863,63,6179.884838
157.2943,62,6189.881814
133.933719,35,6196.869159
-145.466877,50,6216.114625
-126.493011,45,6227.828351
-133.340773,25,6234.494056
-123.781802,64,6246.709249
-142.378783,34,6252.859245
-132.831579,38,6260.547944
-123.001199,72,6277.425574
151.821944,97,6298.798081
163.808914,64,6311.90699
146.170029,51,6322.043447
-142.77291,31,6327.515785
-121.379376,110,6351.797515
131.702994,39,6358.507731
-161.044434,76,6369.713304
133.325605,35,6376.64869
155.850542,48,6387.533756
138.217155,37,6393.673287
138.120591,38,6400.352098
154.509063,51,6410.094811
158.200115,61,6421.331536
162.281243,63,6435.533655
-136.117589,25,6441.00256
141.600647,39,6448.186856
-135.328775,79,6465.749911
151.844377,72,6480.557073
-167.30715,21,6486.385314
-168.045352,15,6489.040666
146.633382,62,6501.381723
-176.263091,23,6504.643386
147.845034,50,6513.157305
-133.243468,56,6528.471473
-133.723054,30,6534.832662
-140.885774,48,6549.905209
147.622264,65,6560.835782
-127.882249,37,6567.393147
133.628348,32,6572.698184
139.728632,80,6588.300355
-133.46122,36,6595.765053
137.217288,34,6602.29243
158.698375,110,6632.645128
135.144198,39,6640.348875
155.855807,54,6651.901786
-141.03027,28,6657.595724
-83.691718,110,6681.241617
-138.919507,35,6691.257207
-95.822301,161,6719.695511
135.39856,37,6726.835659
-154.853918,34,6737.070994
147.169909,64,6750.292185
-126.890331,28,6756.196954
137.821674,51,6766.91596
158.038731,49,6777.248932
171.023261,89,6796.370318
144.066913,40,6804.134764
-137.666386,27,6810.273592
175.362392,98,6829.167882
137.917912,34,6835.435567
176.131621,63,6847.27452
-126.258284,67,6862.794797
137.813231,39,6870.027796
-95.780637,321,6927.252042
153.396765,46,6935.42525
141.06621,43,6943.104803
166.000576,101,6966.174351
-173.289473,92,6980.957678
158.55147,53,6990.341731
131.83286,39,6997.7304
134.778014,34,7004.279084
173.398287,66,7016.511208
131.754404,32,7022.714298
135.218858,32,7029.203899
159.130695,50,7037.855245
-125.135774,42,7045.949613
147.228668,59,7058.195687
-124.053306,142,7090.26102
176.729947,65,7103.332544
-142.614101,53,7118.303829
136.496834,41,7125.914028
149.171903,54,7136.084919
139.048703,43,7143.289451
136.73213,35,7150.16185
-124.121926,66,7171.521574
-88.090798,182,7211.213548
-141.009061,20,7214.833786
148.893956,68,7226.602973
-120.587852,93,7241.876354
-152.942848,53,7251.200177
146.679414,46,7260.229656
-119.97736,54,7281.123405
-126.113025,67,7298.036212
180.78838,94,7315.539144
-111.351965,179,7358.656748
-145.946667,36,7369.978652
-149.767792,135,7394.369955
129.649624,48,7403.837657
164.689909,57,7415.405733
-147.226233,39,7422.206691
-125.085321,67,7444.866299
157.065429,55,7456.448276
171.197374,133,7488.552943
150.475068,49,7498.877873
-130.616525,70,7510.074181
134.254084,34,7516.925236
-140.262729,25,7521.286619
-143.149152,87,7536.913008
-122.592628,48,7547.418624
139.46942,42,7555.34517
164.142591,56,7565.39396
-150.407691,33,7574.862433
140.267998,72,7588.21096
-128.470429,54,7603.190205
-133.996926,30,7608.326223
146.468461,58,7619.5864
-142.880243,39,7628.080816
-141.592899,24,7633.469259
-140.789511,25,7637.731807
151.103675,138,7662.026409
154.302309,47,7671.321723
-129.068174,55,7685.052466
141.188803,60,7696.489449
134.734818,34,7702.10349
-131.428998,96,7720.859955
146.89964,42,7728.199865
-129.335137,45,7745.222243
177.525293,64,7756.493634
-119.005692,36,7764.015456
-134.574176,28,7769.381574
130.986868,41,7776.137647
-153.77441,44,7784.231741
-114.088168,64,7802.398478
-123.61688,61,7818.475172
-138.357269,68,7834.020636
-131.56895,61,7847.373221
-136.229288,25,7851.52781
137.855907,40,7859.06651
139.844305,40,7866.689317
-156.439478,32,7875.19602
152.013271,46,7883.742426
-146.546535,21,7887.277478
-134.949213,31,7894.215021
142.366442,41,7901.983395
133.931481,39,7909.835186
-141.110933,18,7912.653241
-141.596142,22,7916.672476
-118.143947,49,7926.246027
164.61876,65,7939.589421
-111.433186,59,7952.124249
135.85826,34,7958.893254
-150.496215,44,7968.024401
-98.643759,49,7979.560778
150.814707,52,7988.11948
131.447533,34,7995.288064
-106.443311,79,8007.104095
143.108511,39,8015.016103
-182.98506,60,8035.166048
-161.658638,41,8042.532076
-170.526438,23,8047.023296
-130.587222,83,8062.688692
-127.692928,29,8068.601004
132.441463,38,8075.691687
-165.634062,15,8078.269415
133.771022,44,8086.640897
-126.273301,44,8095.283351
138.845796,38,8103.46111
-111.668044,115,8133.917536
128.310836,83,8150.08323
134.956957,34,8156.018356
-148.827283,27,8160.974987
-100.715099,110,8182.413873
-129.584372,36,8190.662452
-146.294663,21,8194.128545
-122.81168,289,8252.948617
166.461696,181,8285.473932
132.91499,43,8294.328188
-132.017276,29,8299.134233
167.729902,130,8323.342976
159.693957,56,8333.930693
-125.674259,50,8343.34646
-147.49512,27,8350.229984
-129.133641,24,8354.306375
-128.308364,33,8360.190086
146.073282,51,8370.192797
144.643415,43,8378.035612
150.95273,43,8387.175067
-128.683614,44,8399.579901
-156.431011,69,8417.121026
-144.810635,20,8421.11209
-139.307764,36,8431.279477
167.267151,55,8441.296949
173.352431,75,8456.185491
133.303257,36,8464.158434
136.012997,35,8470.094832
-121.883436,40,8476.292845
-131.72133,37,8483.375673
187.66304,204,8522.611151
-154.28141,60,8534.107091
-152.028719,143,8556.747456
146.595222,49,8567.105716
161.967113,101,8587.046019
-142.092443,145,8613.619896
141.403147,39,8620.820487
-160.163909,62,8632.724757
139.717144,41,8640.216709
126.153809,37,8647.019314
-153.453312,49,8655.339772
126.897591,245,8693.591409
143.195449,65,8707.667706
145.150351,50,8717.747748
-123.597823,45,8725.571223
158.255521,75,8738.355586
-124.777244,32,8744.396874
144.295884,41,8752.770761
149.454145,97,8771.510344
156.176261,53,8782.044106
134.006163,37,8788.893027
-124.15091,33,8796.339602
-157.189054,31,8804.607115
156.459813,117,8826.652067
139.463526,37,8833.466071
131.392296,33,8839.799725
157.959605,64,8853.301244
-150.294149,33,8862.467353
185.539549,187,8898.043671
-114.646004,116,8920.627011
153.585812,52,8930.397164
142.409418,37,8937.801706
-95.658016,54,8948.839619
-152.530518,18,8953.331278
148.559731,51,8963.43487
-174.29709,97,8982.102001
139.129727,37,8989.195637
-162.034302,26,8993.365452
135.757293,53,9003.757404
-141.519054,36,9012.698883
137.972003,51,9022.280858
-134.903636,88,9034.87356
-175.836335,143,9061.665413
172.140636,61,9074.364443
137.407117,50,9084.08696
139.451431,42,9093.087305
130.865461,31,9099.769238
166.813006,56,9111.318418
165.249339,59,9121.976156
-158.997477,90,9137.305384
-134.54862,45,9144.726959
137.982281,45,9152.432594
141.59475,50,9163.937064
-96.339621,63,9186.61078
-139.257091,18,9189.538513
-166.315919,29,9194.508242
141.234797,38,9200.341059
144.620569,43,9208.874674
-145.443829,87,9225.267329
-154.55397,64,9238.075823
-79.357383,177,9268.45406
145.91546,40,9275.98251
146.353384,71,9289.17977
165.248221,61,9300.827159
153.599794,49,9310.112211
-137.677402,39,9323.647049
-130.523664,38,9332.52423
167.966814,59,9343.264024
-117.975226,50,9352.452188
156.704527,54,9363.251375
151.33283,63,9374.678207
-120.898633,49,9389.603058
-130.380949,78,9407.333548
131.472596,37,9414.557968
183.418567,125,9441.534417
137.041307,35,9448.544528
144.278883,43,9455.598084
-125.871173,129,9478.845233
139.755738,37,9485.93276
141.722147,60,9498.043636
139.622185,102,9509.216988
-145.929701,45,9514.71238
-110.756832,48,9526.093574
-133.866256,51,9532.538853
-154.894829,55,9538.154109
139.559801,71,9545.779843
159.134642,109,9558.014147
148.885618,69,9564.496578
139.132332,44,9569.850086
-155.65691,165,9598.661679
144.31088,69,9609.475203
136.557802,33,9616.184179
-118.885776,112,9639.676142
-136.252706,40,9657.039486
-139.456672,38,9664.98754
143.543609,49,9675.010637
-164.307615,28,9683.71841
-134.700209,32,9689.057274
-137.870501,25,9693.949769
-174.194342,27,9698.586615
162.583172,86,9714.131948
118.074874,189,9747.634225
-125.857814,92,9764.959006
-140.856105,18,9770.804386
-125.96224,210,9806.989027
132.497478,40,9814.088311
-127.6143,59,9832.247576
150.779954,56,9842.712157
-139.021668,37,9850.496803
-125.619414,81,9873.389922
149.516301,42,9880.664162
-126.916606,68,9898.006682
158.852955,69,9911.678493
-162.779171,84,9925.552566
-132.415871,21,9929.153548
-155.954773,39,9936.29653
144.38912,159,9963.796389
-133.359198,34,9970.11222
-120.099695,54,9980.697476
-129.541437,118,10011.749129
142.232696,45,10021.13486
154.698392,90,10036.638544
140.95981,46,10046.408244
133.863241,38,10054.749872
129.168603,32,10060.375745
-143.686036,41,10073.49104
149.583687,51,10082.251184
-146.404824,27,10086.810781
146.091712,51,10097.006834
-167.90509,17,10100.316642
143.96488,40,10107.567989
158.154902,55,10117.484625
-157.740561,31,10135.181153
-144.764931,29,10140.695446
161.79847,81,10156.528535
-96.162915,141,10178.388604
160.735772,51,10188.227693
-125.345928,79,10200.94751
133.192737,36,10207.261052
133.972917,32,10213.574308
170.762498,100,10236.180233
-172.562118,37,10244.356748
156.68205,58,10253.380608
137.506077,138,10276.033078
-133.651675,55,10290.085678
-158.859875,45,10305.625233
135.234582,38,10312.708603
145.207416,141,10341.24645
170.893167,60,10353.107815
-107.38101,45,10365.852015
174.424212,72,10379.715537
-127.568807,34,10387.216962
156.883362,99,10406.413661
132.553083,44,10414.868237
-119.557095,42,10425.761395
-130.275106,45,10436.348822
143.207815,38,10444.261747
145.703,42,10452.804136
-156.149468,33,10458.602577
-111.47895,49,10474.882547
136.25322,34,10481.274674
141.388354,39,10488.408736
-111.248277,111,10522.404392
139.362842,66,10535.255857
-134.09242,47,10557.990587
137.254667,39,10564.734841
139.357929,36,10570.854418
-151.345449,24,10587.355849
-103.133733,60,10602.673565
147.897611,53,10612.240587
-133.253631,44,10621.715442
-135.447003,37,10635.793595
161.229399,54,10646.517398
-160.897175,24,10652.646858
154.952504,51,10661.879032
-162.554896,114,10683.668748
145.905447,46,10692.167821
141.801318,49,10701.077274
147.282275,41,10708.502012
152.802709,51,10718.345948
129.268548,110,10739.051122
133.362374,41,10746.322088
-148.502209,35,10754.183379
-132.700095,64,10766.119945
162.731529,75,10779.712818
144.00225,52,10790.157981
134.705856,37,10798.169749
154.390498,121,10826.029088
139.874475,39,10833.541505
-120.569342,49,10846.377909
153.527276,49,10854.798303
-145.357674,53,10864.575007
146.570589,78,10880.160415
137.180981,33,10886.90532
137.442849,100,10904.758486
-154.688821,43,10912.523106
164.929254,90,10940.063143
138.693723,43,10948.025498
-106.882029,127,10971.214962
157.836129,66,10985.221352
-158.849397,60,10996.118706
-143.545116,34,11001.840504
-154.614554,26,11005.959754
-120.756072,160,11039.096444
-161.84407,29,11044.677581
141.811861,45,11053.264019
-144.193147,67,11068.58641
-148.486557,46,11077.304359
-118.893832,106,11102.279516
159.747501,93,11119.792031
-129.71412,37,11127.971413
-135.162877,51,11143.470346
163.89374,60,11155.922559
168.637572,83,11172.631278
154.940059,60,11183.699398
-138.884418,25,11188.083107
-137.307104,73,11205.092582
154.025742,50,11215.57449
134.093532,41,11222.9011
-158.597836,62,11243.947277
-167.927797,98,11257.797575
-135.168271,55,11268.408613
-91.400612,204,11302.513359
142.348792,47,11311.774996
-129.787349,112,11335.307602
128.004673,67,11347.06667
154.015199,107,11369.555553
-141.870206,67,11382.928005
-149.814803,58,11391.690237
-151.404355,76,11405.913982
-137.901676,104,11422.311691
-140.060929,62,11434.2088
-157.906714,24,11439.643815
135.08522,33,11446.014448
131.763125,39,11454.288726
154.133417,55,11464.610959
160.244807,53,11474.821856
144.652237,51,11485.129611
134.795428,49,11494.475379
133.237838,34,11501.486518
139.461083,40,11509.399394
-143.309466,59,11520.954051
-149.232049,95,11539.991251
-125.34399,68,11551.640025
-131.363937,60,11569.75842
150.446154,54,11581.386593
169.55065,95,11604.264802
151.847078,52,11613.715795
-184.110955,56,11623.565141
148.35082,57,11634.113163
152.238222,48,11643.126292
160.53202,113,11666.136765
-100.199164,182,11701.718675
155.738845,72,11718.311965
134.997373,38,11725.184106
-128.667226,36,11732.51156
-146.133617,29,11739.545421
-161.386342,36,11745.406388
-150.96654,33,11758.868808
-119.210138,69,11771.242739
147.730861,45,11780.850766
-148.659823,26,11784.84959
158.143989,57,11796.393944
177.24305,76,11810.178462
171.677113,87,11825.674097
-129.081431,35,11834.893187
174.176409,93,11854.370383
145.228093,39,11861.965984
171.793092,104,11885.276641
138.479873,77,11899.079758
148.875094,44,11907.312189
-115.6924,66,11920.272466
171.823087,66,11933.579036
153.326708,50,11943.257952
150.371755,50,11952.664284
-167.873706,29,11958.472408
136.974754,34,11964.996446
-129.584016,32,11970.649183
160.887314,102,11991.531989
159.663598,137,12014.219467
144.743407,46,12024.258922
137.933902,35,12030.657859
152.593714,51,12040.444639
-140.020694,33,12046.522878
-118.305413,50,12060.186524
-100.105529,109,12081.305586
-131.795183,44,12090.307015
-137.526744,22,12094.733894
179.516783,86,12110.250202
-154.397741,48,12124.78011
145.725353,106,12148.829953
-135.754853,114,12169.266297
161.035907,72,12185.769092
-132.422164,41,12198.723456
152.538696,50,12207.723938
139.580639,94,12224.437873
135.154426,47,12233.155042
147.178189,42,12240.622223
-124.305184,38,12251.03325
152.663633,55,12261.197278
141.55,59,12271.994386
159.764848,51,12283.362555
172.484763,94,12305.635068
148.97299,49,12314.212085
166.780376,56,12326.030421
-170.055369,20,12329.475465
135.87863,32,12335.30065
-144.813803,199,12369.194255
-120.548401,86,12389.68868
147.297828,50,12400.757337
-134.459287,44,12420.791921
138.27184,36,12426.968908
164.81237,55,12438.981641
151.364911,61,12450.143369
132.050214,33,12456.692786
135.541004,33,12463.084268
160.593702,62,12476.340862
-119.091191,34,12483.746213
138.036681,36,12491.231673
-106.208765,138,12508.921554
132.141223,43,12515.422726
140.871342,38,12522.884338
-136.305194,23,12528.310681
-143.969789,27,12533.126735
-140.602935,23,12536.778099
161.325759,147,12570.031079
146.994799,52,12581.657703
133.339556,43,12590.022851
131.889294,34,12597.014004
136.126018,32,12603.267213
160.361097,59,12614.941002
-122.312324,162,12650.118691
148.557096,44,12658.880349
-148.642675,66,12680.212326
-129.680801,63,12691.314797
-112.365504,63,12705.537935
150.124265,49,12714.554606
147.957455,42,12722.514995
-108.636541,134,12748.752067
-148.513832,31,12761.594123
-100.119837,60,12775.445182
152.305271,47,12783.577399
153.314765,45,12791.119663
124.686887,40,12797.326219
-144.355036,32,12803.79112
136.726441,38,12808.185261
-116.094158,101,12819.863776
133.718376,35,12824.100198
141.959075,48,12829.997711
-162.103673,35,12833.855118
-160.013569,47,12839.409354
-145.332889,95,12854.690408
138.996902,64,12861.183083
133.88492,33,12864.708158
165.671465,132,12879.161122
132.029696,37,12884.463601
173.956889,67,12893.477176
-134.573463,70,12903.794451
-143.390164,49,12909.756389
-109.915504,43,12915.095072
-132.04352,49,12920.826655
146.758875,59,12928.882454
-145.406045,32,12934.278224
-132.440107,40,12941.845014
-132.803927,57,12949.998384
142.620921,43,12954.76529
-127.004696,62,12968.143497
118.804639,90,12982.510058
-132.285549,83,12996.645572
-126.473312,43,13004.31589
185.89385,113,13043.772553
142.288443,38,13050.722074
-146.554112,27,13060.918512
-149.334874,28,13069.217989
142.781677,40,13075.360608
-113.295708,114,13104.574032
-115.875619,48,13120.39057
-153.096133,37,13127.530415
-127.235055,39,13137.912916
-156.61966,43,13150.495319
160.141875,109,13171.67931
164.645297,88,13187.785125
-132.274565,26,13193.155648
-147.81475,94,13214.39407
132.934442,35,13221.147209
-154.568466,50,13234.748956
135.725312,34,13241.138009
-154.695676,24,13250.580067
-126.459859,149,13278.392644
-159.964947,40,13285.723281
131.276315,34,13292.328584
-146.983021,24,13297.088806
-131.432779,61,13311.716666
124.531135,39,13319.746919
149.911413,46,13327.852168
151.691843,141,13353.869851
145.932649,44,13362.490305
165.203816,65,13375.682264
-84.685616,131,13407.51502
-106.579629,60,13420.429415
180.687972,76,13437.517428
140.465449,42,13445.840679
-131.188374,46,13458.351148
-145.604143,160,13484.192631
138.845157,74,13497.030498
159.415881,57,13508.612127
158.624777,86,13537.75435
161.966817,99,13556.24923
165.543904,58,13568.989275
134.61866,32,13576.231081
141.379323,37,13583.735356
-117.243753,39,13592.738697
-151.34241,81,13608.15035
155.777552,49,13617.533624
-143.947839,53,13626.940695
154.703581,57,13637.489186
149.748864,64,13653.593699
157.850626,55,13664.793345
-147.877272,19,13668.260578
141.513955,43,13676.566894
-125.364529,79,13697.219336
164.551572,63,13708.397486
-117.977455,38,13717.405863
140.266407,36,13723.747961
177.047612,125,13750.523297
-131.201706,36,13756.4524
159.077609,93,13765.907706
-158.213388,29,13769.69643
-127.60776,98,13783.034191
-164.356272,20,13786.719011
-122.541152,103,13796.527925
-164.141424,19,13798.218781
-114.173579,40,13804.611417
144.586313,58,13813.18127
-124.305585,107,13823.797871
157.74997,62,13831.182719
142.999688,43,13836.632697
134.195347,37,13841.004923
129.21247,42,13847.837916
151.89941,56,13854.432996
167.857552,79,13866.733186
149.866272,59,13878.511314
141.159605,38,13886.326459
-137.137788,29,13899.00414
-168.372343,16,13900.761034
-142.559305,37,13904.934885
142.45713,52,13911.116084
-147.380731,33,13914.571488
135.652752,36,13919.67217
133.427966,55,13926.088929
-168.397528,52,13935.574726
-127.238865,40,13940.695359
-118.103696,52,13950.410765
139.033975,37,13957.382093
145.795724,45,13965.268633
149.211735,47,13974.318442
141.226322,66,13985.377578
-133.864854,32,13991.205098
-134.056381,71,14016.933735
161.457487,62,14028.643023
-149.06062,76,14041.818842
181.201238,137,14072.761621
141.825781,47,14081.823152
-159.72897,38,14087.980163
145.490458,40,14097.225707
157.618428,81,14113.898197
-142.168308,72,14125.205213
128.059101,51,14134.203607
175.232381,149,14165.434824
-151.261578,43,14177.252983
-117.985047,80,14194.050416
-161.07836,18,14196.445622
-129.182447,66,14210.457321
159.153657,108,14232.955619
140.808549,38,14240.790545
147.814116,47,14250.035945
147.092787,48,14258.685351
-140.754987,54,14272.460338
-140.619666,47,14285.226202
154.040972,80,14301.455896
159.17732,103,14320.224492
152.250748,50,14328.852972
145.629682,55,14339.461766
-146.522378,100,14361.267255
-125.839042,49,14370.647533
-136.167033,54,14382.66538
-128.809458,26,14387.195265
-124.768028,151,14417.175491
-124.306047,45,14425.732198
149.611509,48,14434.775938
-145.865151,26,14444.598202
-106.732961,90,14462.762373
136.550879,43,14471.108073
146.587306,52,14481.009838
-147.62361,17,14484.752349
166.069665,70,14498.244256
-166.433999,57,14507.536872
-112.677604,46,14521.407798
-113.902776,65,14538.600003
-141.772608,33,14548.084255
170.824725,148,14580.742731
153.297863,76,14594.083507
-133.388199,105,14622.987778
147.908746,76,14636.319905
167.941553,63,14647.621098
-131.782839,138,14668.882933
140.372693,37,14676.016029
153.612467,47,14685.02879
-128.150807,26,14689.5958
-141.4197,42,14698.530019
147.02605,57,14708.391473
-126.481692,34,14720.640254
-133.670262,47,14736.716737
-176.891003,52,14744.5975
-103.490094,149,14770.076856
-120.518414,48,14785.999107
-116.609102,54,14798.4375
133.005045,48,14806.600004
-127.679069,138,14836.881493
-138.322977,23,14841.002566
157.92577,51,14849.598926
-112.707106,48,14864.329984
130.903232,56,14875.160236
145.981209,44,14883.916383
-145.208072,46,14894.208759
158.177116,54,14904.942482
-168.499437,57,14914.946281
-127.244181,39,14923.932018
134.185468,33,14930.103323
-105.655149,80,14946.518285
168.335544,80,14965.929768
130.406258,41,14974.619191
-71.624121,245,15025.979091
-146.61414,119,15047.817925
-105.176833,109,15065.57054
134.107032,33,15072.27191
132.895144,32,15078.876711
-172.275151,19,15081.710248
175.604831,81,15098.185641
157.724597,52,15108.618181
-138.739627,38,15116.402994
-181.995019,28,15121.011006
142.850263,37,15128.05549
-130.840191,57,15141.487157
146.518733,44,15149.515835
170.325055,134,15173.803406
-120.033582,31,15190.090442
-151.424174,68,15214.357674
-119.109783,40,15222.111189
-142.587286,33,15229.43846
-164.285921,79,15253.38655
133.411991,35,15259.602144
135.350209,37,15267.240753
-127.389872,77,15285.738621
137.586598,36,15291.91689
173.499631,85,15306.548928
165.65345,86,15323.369318
145.976168,57,15334.671715
182.651091,71,15348.632257
145.882908,41,15356.300679
-122.482703,123,15378.670326
164.402116,67,15392.925335
163.581763,54,15403.10702
138.812241,51,15414.520427
170.142672,76,15429.408962
169.803145,91,15450.241076
-140.733699,126,15471.384775
147.117671,85,15486.414609
136.965192,37,15493.218357
-125.967184,37,15501.970482
156.510977,47,15511.082531
-134.479177,32,15517.191463
141.161167,46,15525.871811
-123.997683,38,15533.272319
151.438777,49,15541.60327
-109.11851,73,15553.908669
-154.477895,47,15568.30758
-114.172522,127,15586.966645
-161.101774,50,15596.641387
-151.047629,29,15601.162483
153.813044,57,15611.420091
140.104324,44,15617.950127
-139.108869,60,15633.699955
146.381499,46,15642.415948
-121.4529,44,15651.564692
-167.410159,32,15657.379619
131.773801,31,15664.352341
-117.378032,43,15672.448152
137.974776,35,15679.041381
132.880004,39,15686.947546
-141.164106,17,15699.115687
-134.159589,59,15712.190011
155.673133,97,15728.362595
-161.29824,50,15742.750016
-160.932465,40,15750.366648
-144.819679,31,15756.613256
142.747329,41,15765.232332
166.836347,102,15783.254763
148.428355,80,15797.527367
140.630428,48,15806.939213
-155.945898,28,15816.698122
-185.76836,60,15826.891884
-132.188765,43,15840.564811
-139.020889,98,15858.170818
-136.39411,45,15874.441898
-163.827844,56,15884.606589
-153.837306,43,15892.578434
-180.516254,86,15906.314009
-135.47369,60,15919.738931
-137.040134,29,15927.488512
137.059595,36,15936.121126
-126.38489,30,15942.409006
139.944173,35,15948.918861
129.289082,41,15955.879044
-155.155315,39,15964.787513
142.462299,38,15971.654724
154.513779,51,15980.952071
161.558281,69,15994.222212
156.604555,53,16004.741489
-137.465769,20,16008.212487
141.738283,98,16025.882271
-133.295264,63,16039.466341
140.842072,78,16053.798456
148.974196,116,16078.484347
-133.817825,89,16099.274036
-108.117465,47,16107.786752
-162.74554,38,16114.500435
138.075838,34,16121.489499
-136.518782,81,16137.901029
140.097024,37,16144.24283
151.096722,44,16152.08547
-142.663135,85,16168.488796
148.749175,43,16176.312917
166.717102,95,16193.362846
-144.491814,37,16200.668745
-132.558362,85,16215.056126
150.90032,46,16224.178256
143.934116,78,16239.025683
-159.644466,62,16260.21774
-88.214757,255,16310.299263
-139.611201,43,16319.493451
-141.458807,60,16334.682159
-143.036357,56,16345.419968
-138.565948,43,16357.710324
133.344367,33,16363.777515
-123.665508,33,16370.972913
174.039774,62,16383.415075
-115.866102,45,16394.710266
-119.743489,44,16402.79469
-152.797555,110,16423.638228
136.019357,36,16430.087819
-158.326138,50,16438.540337
-126.965381,144,16466.771613
-125.684015,61,16480.941805
-137.526927,37,16494.212271
128.757122,46,16503.824612
-135.288297,17,16506.749756
153.091082,71,16524.280498
-162.342751,22,16528.136047
-136.472382,34,16533.56279
-133.665938,26,16537.997679
141.749052,43,16545.877487
135.687087,41,16552.468154
-153.218586,104,16568.496674
138.994129,37,16576.051341
164.003372,78,16592.430363
143.057077,38,16600.090581
151.969442,48,16609.493224
154.61028,119,16628.690596
-137.070445,99,16649.517739
134.207898,32,16655.271562
-132.236297,35,16661.316701
-135.759978,36,16669.446205
-135.919677,32,16676.677803
-129.878642,27,16681.417368
-132.763657,46,16691.38268
-136.199973,48,16700.326582
-145.3163,22,16706.772666
-132.766354,51,16719.128058
-114.64497,143,16746.29408
-135.452529,59,16756.819676
139.849499,51,16766.14796
166.949545,55,16776.356337
144.269625,38,16784.418667
-138.403085,43,16795.162849
-119.691991,45,16809.438731
155.216214,63,16823.785141
151.015775,49,16832.003811
179.382157,132,16858.17195
-140.687345,68,16873.323054
154.785675,56,16884.482259
-126.841895,191,16916.669262
-140.369267,23,16921.55886
-112.670949,67,16938.407439
-141.707274,39,16951.079738
-126.414652,76,16963.65461
137.767985,51,16974.045717
156.668453,81,16991.984595
137.673535,37,16998.958882
-98.459204,49,17010.336982
134.02717,37,17017.938778
-138.63013,31,17024.072909
162.289245,52,17035.468035
161.513954,76,17058.072871
175.577597,107,17076.523964
-156.445803,37,17083.20272
-164.19087,76,17094.944185
-202.099449,86,17110.467932
-143.034402,23,17114.728123
167.924212,131,17139.323049
-143.424136,189,17173.696986
144.159208,39,17180.785694
158.842593,83,17200.279537
-130.337046,76,17213.399014
-119.537357,34,17220.154644
137.872243,50,17229.894528
147.423942,44,17237.472308
106.707134,118,17255.216048
135.242716,43,17264.612048
156.517199,47,17273.763609
155.151742,52,17282.663994
-145.130626,86,17297.316996
155.687817,47,17305.239148
-136.191537,20,17309.607147
133.20676,46,17317.288303
133.751899,33,17324.803548
-124.314603,31,17330.616315
132.156589,39,17338.534055
142.405757,44,17346.524655
143.123531,39,17355.092682
-128.652173,62,17377.022143
152.105474,53,17387.362123
149.835651,70,17398.471764
-117.598051,52,17414.136947
148.652984,65,17427.054626
136.523155,32,17434.0062
136.208217,40,17441.229301
-108.723923,45,17450.574288
140.075233,79,17464.577866
-161.072287,55,17484.926961
153.028055,52,17494.249568
147.215927,41,17501.641379
-112.384502,226,17539.058286
-120.320862,40,17547.149664
-121.379993,88,17566.2272
165.941135,98,17601.434147
-128.411105,79,17616.917335
-169.726841,42,17627.203711
-79.04001,123,17648.654408
139.930694,37,17655.231434
135.667035,50,17663.628857
164.631845,61,17674.151216
153.936875,56,17686.26716
-147.755532,103,17714.934721
139.873291,40,17723.072673
150.450522,50,17733.708697
141.514574,50,17744.219549
-164.037244,34,17758.878449
-155.206019,59,17772.52566
171.298708,63,17786.077138
-146.20053,66,17800.356489
163.46202,58,17813.008831
147.34368,41,17820.998575
141.122849,48,17830.263977
146.931696,44,17839.59281
-139.936541,20,17843.580214
141.282093,42,17850.894447
-157.252434,28,17855.577142
162.509737,54,17865.665046
-119.071495,57,17884.57943
-123.695843,174,17913.748414
-130.798419,67,17932.438314
-165.930592,42,17949.300804
-146.806557,42,17957.246048
-158.615797,84,17971.363762
146.82779,68,17983.181092
-158.682988,29,17988.429653
-161.50958,28,17994.387748
141.983489,36,18000.954964
-144.678893,23,18006.349461
146.525144,42,18014.752124
-126.564329,60,18025.687654
153.424514,68,18037.475967
152.240144,59,18049.785662
143.306616,39,18058.449093
-160.966398,87,18074.896535
-124.128506,101,18094.866212
-115.957663,43,18106.125583
165.038071,100,18125.841283
145.911965,55,18136.912866
149.133977,43,18144.926762
182.458614,107,18169.516265
-145.51328,91,18184.157133
147.770043,41,18191.722136
-138.508644,37,18199.710335
-137.546848,31,18207.077131
149.143413,88,18226.717631
-117.759544,53,18237.75171
156.153826,49,18248.134596
150.051816,54,18258.7656
133.565823,31,18264.971502
-159.590225,111,18282.297398
-106.473478,101,18299.641677
-124.134653,82,18314.092717
168.687268,97,18334.097897
151.050097,51,18344.403525
-145.79749,25,18349.818517
134.119801,33,18356.930158
134.531411,55,18367.288782
-173.97626,45,18378.354529
155.889998,48,18388.400154
148.068792,43,18396.399894
-124.347113,37,18406.523569
-139.256947,23,18411.617482
157.615846,66,18424.791913
162.769856,55,18435.576688
-112.67318,50,18445.462316
-144.005332,31,18451.590962
153.11657,47,18461.505668
137.563471,34,18467.273411
-152.45673,75,18479.058183
-134.138646,37,18488.656166
180.702744,97,18506.961078
-132.745192,91,18527.027221
-77.084357,175,18575.16121
137.006498,34,18580.779601
-128.23184,31,18586.53019
158.716901,78,18601.943775
157.883315,65,18614.48007
170.77119,93,18632.555359
-124.217169,49,18642.111639
143.607747,45,18650.567396
171.667161,73,18662.886738
165.469918,62,18678.432851
132.490997,32,18684.732986
-188.994427,92,18702.559929
-164.102284,14,18704.967458
-117.282022,54,18716.568099
168.430044,69,18729.82028
165.2535,121,18752.178894
163.539272,137,18774.051243
-130.647538,86,18789.869342
-130.145931,55,18798.747469
-139.365562,100,18816.678717
132.845044,31,18822.199343
-163.751388,27,18826.350866
133.21331,41,18833.528652
168.42675,94,18862.002187
139.82107,59,18875.982205
168.794028,59,18887.862361
-139.801631,83,18902.764179
149.230969,46,18910.619514
132.039038,39,18918.25102
137.72031,36,18924.892533
132.787491,62,18936.756124
-153.996315,35,18943.853015
147.855197,46,18952.564557
-105.011709,63,18972.532339
-121.457225,41,18984.587673
158.948847,56,18995.330446
-115.468995,127,19034.95642
-120.863017,128,19060.664325
167.138359,104,19080.625738
-104.702486,64,19109.330531
135.285929,37,19115.945344
159.072404,63,19126.971897
164.553907,61,19139.649674
-162.820635,28,19145.471139
-139.175514,29,19151.801645
-137.34907,58,19167.937181
143.03244,63,19180.565911
-101.309147,68,19196.481027
154.773758,55,19208.79166
135.09,32,19214.776242
158.877666,57,19225.629639
-149.71385,70,19238.988239
135.705924,42,19248.455192
-137.37868,133,19273.814822
154.155987,77,19287.024093
-136.437802,47,19302.603627
139.626908,35,19309.036273
-151.085587,43,19315.830503
-130.870505,72,19328.780239
170.341413,58,19340.107647
132.024699,62,19351.71688
161.558409,55,19362.527217
-172.559455,48,19370.765235
164.977009,60,19382.437535
137.844471,36,19389.024249
-128.330516,38,19398.903376
174.071963,90,19416.843563
133.682074,33,19423.061612
-163.133704,79,19435.755835
146.427519,56,19445.778094
-140.869884,42,19453.482908
152.472143,48,19464.311249
149.994177,43,19472.447691
-127.849323,81,19489.790791
160.734448,68,19504.700372
153.893696,45,19512.921664
133.070466,32,19519.011165
-169.693041,59,19534.606127
-149.364001,34,19540.752019
170.678799,79,19556.103833
-156.111347,61,19571.013142
148.505014,41,19579.718318
138.569256,37,19588.170187
135.719438,33,19594.702952
-118.297093,86,19612.688035
143.254127,108,19631.134739
145.714147,109,19651.610329
151.471655,46,19659.803816
-134.913049,42,19673.31025
-133.816053,51,19683.178317
138.373869,61,19695.822476
152.311201,116,19715.573039
-125.991267,78,19734.588038
-113.060895,64,19748.467824
-100.569851,88,19765.693978
146.108348,42,19774.295823
153.573836,50,19784.023169
130.442531,51,19793.212041
155.913997,51,19804.484897
-127.249987,53,19814.352996
-132.332186,158,19845.819012
137.837551,39,19853.047612
135.135397,37,19860.197959
-162.678264,17,19866.884871
-134.491033,30,19882.848905
173.888082,68,19895.869646
-142.271176,136,19922.504325
146.890358,45,19931.376655
142.592818,40,19938.304609
-123.852088,32,19945.437979
160.454858,53,19955.933494
140.313319,89,19972.119568
164.358937,56,19982.670736
170.819523,148,20010.848597
-153.452309,34,20017.846166
-118.312809,80,20036.070065
171.998078,78,20056.030019
-106.232572,52,20069.904192
-129.41088,42,20077.421542
165.464902,68,20090.783047
-129.999084,43,20102.32045
132.387509,39,20110.596432
152.945646,52,20120.933979
-164.728596,32,20127.550379
172.019163,91,20147.260832
162.395206,65,20158.307131
-146.785538,111,20186.146015
-109.769753,74,20211.049639
-152.349929,30,20215.765028
-135.81576,77,20227.442364
142.478984,69,20241.107554
-142.373651,42,20256.83133
135.776623,33,20263.332005
